<?xml version="1.0" encoding="utf-8"?>
<archive>
  <manifest version="1.1">
    <title>CollegeThermal</title>
    <build id="417e1258-6e34-476e-85d5-3b69969bac01" number="1561555974"/>
    <libraries>
      <library id="CollegeThermal" file="CollegeThermal 1.0/package.mo" enabled="true">
        <title>CollegeThermal</title>
        <description>Library containing thermal labs for engineering students.</description>
        <version number="1.0"/>
        <copyright>Copyright (c) 2019 Wolfram Research</copyright>
        <icon file="manifest/CollegeThermal.png"/>
        <category>Libraries</category>
      </library>
    </libraries>
    <compatibility>
      <tool name="SystemModeler" minVersion="12.0"/>
    </compatibility>
    <externalDependencies>
      <dependency id="Modelica">
        <versions>
          <version number="3.2.2"/>
        </versions>
      </dependency>
    </externalDependencies>
  </manifest>
</archive>
